"Location","Temperature.Mean","Temperature.SD","Moisture.Mean","Moisture.SD","Viable.counts.Mean","Viable.counts.SD","vbc_mean","vbc_sd"
"Amsterdam",58.2516483516483,2.12625715165628,74.9428571428571,2.02825282541638,150.593406593407,3.60240050206656,3.01186813186813,0.0720480100413311
"Groningen",54.6790476190476,1.85258111200476,70.0390476190476,1.86915731928832,152.038095238095,3.11609904529257,3.04076190476191,0.0623219809058514
"Maastricht",56.8413461538462,2.10559174981245,72.425,2.01979283759402,150.740384615385,3.42462581701376,3.01480769230769,0.0684925163402751
"Rotterdam",56.827619047619,2.01530181162559,62.327619047619,1.97101571033894,142.657142857143,3.29284939571447,2.85314285714286,0.0658569879142894
"Utrecht",69.6936842105263,2.05145565995174,75.5726315789474,1.74315940270748,134,3.49771962186672,2.68,0.0699543924373345
