"conc_pc","length_micron.Mean","length_micron.Median","length_micron.Max","length_micron.Min","length_micron.SD"
"0",2410.87380952381,2451.15,2890.1,1859.5,251.215071650086
"1.5",2405.31842105263,2397.05,2975.6,1962.4,255.324854926788
"2",2300.7358974359,2279.5,2666.3,1746.3,206.857673530656
"2.5",2105.53902439024,2157.3,2692.1,1548.2,266.692870056596
